Finishing Time,ITRA Score
19:18:58,924
19:51:37,912
20:05:06,886
20:15:05,909
20:20:25,891
20:40:34,897
21:03:41,888
21:11:59,891
21:18:24,890
21:19:47,894
21:42:54,857
21:50:00,851
22:03:39,850
22:08:47,851
22:11:25,853
22:11:28,847
22:11:32,818
22:24:03,808
22:43:34,847
22:50:40,879
22:56:23,802
23:02:53,777
23:12:22,804
23:17:24,783
23:28:48,760
23:29:40,799
23:38:06,806
23:40:06,777
23:45:33,831
23:58:15,777
24:03:33,823
24:08:08,817
24:09:38,767
24:10:17,759
24:16:39,768
24:24:37,799
24:26:43,761
24:37:21,778
24:39:14,773
24:39:42,723
24:43:02,720
24:45:00,743
24:48:12,721
24:51:05,771
24:51:32,717
24:54:57,749
24:56:00,753
24:56:33,751
24:58:02,758
24:58:03,783
25:05:07,733
25:09:57,710
25:15:51,821
25:22:18,734
25:27:00,872
25:27:00,798
25:33:04,774
25:34:29,830
25:39:21,804
25:39:48,829
25:44:00,715
25:45:08,826
25:45:08,759
25:50:38,838
25:50:56,744
25:52:18,865
25:54:50,767
25:55:23,714
25:57:04,764
25:57:55,721
26:00:45,736
26:02:50,884
26:15:21,784
26:19:45,678
26:21:35,757
26:29:09,767
26:29:24,729
26:37:57,783
26:44:27,732
26:46:48,756
26:47:19,802
26:52:31,681
26:53:10,700
26:56:00,785
26:56:49,787
26:59:20,708
27:09:57,768
27:17:41,720
27:19:57,652
27:22:30,776
27:34:41,757
27:38:13,790
27:38:16,756
27:41:58,655
27:42:41,663
27:43:21,729
27:43:53,695
27:45:59,722
27:46:58,655
27:49:17,702
27:55:19,640
27:55:36,755
27:58:04,702
28:01:16,701
28:01:20,769
28:04:31,750
28:05:51,760
28:06:17,718
28:07:04,713
28:08:33,768
28:09:44,794
28:11:40,774
28:12:53,705
28:14:48,725
28:19:30,697
28:20:33,692
28:23:27,655
28:27:33,703
28:30:27,721
28:30:33,734
28:30:55,641
28:31:01,699
28:33:18,782
28:33:23,686
28:33:32,667
28:34:12,745
28:37:43,739
28:43:40,649
28:43:45,627
28:48:26,667
28:50:21,821
28:50:56,714
28:53:31,769
28:54:34,660
28:57:34,634
29:03:42,725
29:09:59,682
29:10:07,690
29:12:54,684
29:15:37,644
29:16:23,759
29:17:21,649
29:18:40,668
29:19:34,666
29:22:48,679
29:23:30,699
29:23:58,639
29:33:00,764
29:34:23,694
29:34:58,618
29:34:58,611
29:35:57,689
29:39:26,600
29:40:53,705
29:42:26,662
29:42:51,735
29:43:09,657
29:44:02,635
29:44:05,702
29:44:23,628
29:45:25,707
29:46:21,636
29:47:41,740
29:49:41,600
29:49:41,638
29:50:16,703
29:50:37,658
29:52:09,675
29:52:59,699
29:55:38,691
29:57:33,636
29:58:02,653
29:58:11,665
30:03:43,661
30:06:42,669
30:15:38,590
30:16:56,671
30:18:06,680
30:20:34,748
30:22:53,705
30:23:08,634
30:24:10,624
30:26:18,681
30:26:42,630
30:26:55,644
30:27:22,641
30:28:09,598
30:28:38,661
30:36:12,687
30:36:33,694
30:36:46,612
30:37:17,679
30:39:24,688
30:42:51,660
30:42:51,610
30:42:53,643
30:44:12,663
30:46:28,678
30:47:59,627
30:49:20,616
30:49:54,699
30:50:56,624
30:59:18,587
31:00:43,666
31:01:21,618
31:02:27,808
31:04:48,633
31:09:17,652
31:11:19,678
31:11:28,633
31:12:05,636
31:12:47,650
31:12:53,689
31:14:34,637
31:20:34,568
31:20:42,660
31:20:44,604
31:25:01,626
31:25:38,720
31:29:23,688
31:31:05,655
31:31:56,746
31:34:57,625
31:34:57,563
31:44:54,583
31:46:01,738
31:46:24,604
31:47:32,631
31:47:57,572
31:49:33,602
31:49:35,653
31:49:51,706
31:50:03,627
31:55:05,618
31:55:27,586
31:57:23,708
32:00:29,719
32:00:48,651
32:01:49,661
32:01:56,574
32:02:06,772
32:03:53,580
32:06:07,639
32:06:44,644
32:08:14,633
32:08:54,648
32:09:03,632
32:10:04,640
32:11:12,660
32:11:49,620
32:13:25,610
32:14:42,665
32:15:05,608
32:16:22,582
32:16:39,723
32:17:31,693
32:22:11,689
32:23:17,636
32:24:03,681
32:24:38,586
32:25:31,616
32:28:26,686
32:28:40,659
32:32:30,649
32:34:12,599
32:34:35,662
32:34:47,630
32:35:44,605
32:36:54,672
32:40:11,698
32:40:33,604
32:41:39,585
32:42:10,673
32:42:25,574
32:42:53,617
32:43:43,684
32:45:11,609
32:49:54,613
32:50:31,643
32:50:57,683
32:51:08,622
32:52:14,608
32:53:20,649
32:53:57,624
32:54:01,636
32:56:09,593
33:00:17,607
33:01:14,600
33:01:31,628
33:02:21,633
33:03:17,582
33:03:32,721
33:03:32,596
33:03:45,594
33:03:58,592
33:04:58,591
33:05:21,755
33:05:26,660
33:05:54,631
33:09:03,753
33:09:20,650
33:10:00,579
33:12:26,586
33:14:41,565
33:15:30,673
33:15:41,572
33:15:42,558
33:16:40,587
33:18:38,593
33:18:51,738
33:19:03,627
33:21:37,701
33:21:45,682
33:22:32,634
33:25:28,664
33:27:14,649
33:28:14,704
33:29:15,767
33:30:05,604
33:30:46,602
33:30:48,662
33:36:15,579
33:37:39,603
33:37:53,596
33:38:47,655
33:39:16,608
33:39:44,635
33:41:05,671
33:41:06,579
33:41:24,735
33:42:07,665
33:42:24,602
33:42:43,745
33:44:58,629
33:50:08,554
33:56:52,652
34:00:16,569
34:00:41,575
34:01:41,618
34:03:43,563
34:06:00,654
34:07:54,644
34:10:43,592
34:11:17,634
34:12:17,630
34:12:30,614
34:13:15,520
34:15:07,626
34:16:31,609
34:16:35,626
34:16:55,661
34:22:07,627
34:22:08,602
34:22:10,642
34:22:10,582
34:22:23,594
34:26:58,641
34:27:20,553
34:28:07,690
34:29:19,587
34:29:30,616
34:34:49,514
34:34:53,578
34:36:56,650
34:38:17,542
34:38:59,615
34:38:59,586
34:39:38,612
34:41:36,675
34:44:07,664
34:45:30,655
34:45:50,622
34:47:32,511
34:49:48,618
34:49:57,679
34:51:06,581
34:52:10,562
34:52:50,675
34:53:12,559
34:53:40,629
34:54:43,615
34:54:46,547
34:55:04,605
34:56:30,621
34:57:09,562
34:58:57,565
34:59:26,575
34:59:33,615
35:03:48,628
35:04:24,533
35:10:40,612
35:11:13,507
35:12:00,633
35:12:08,594
35:15:27,627
35:16:32,633
35:16:46,551
35:17:06,580
35:17:52,640
35:18:11,672
35:18:44,582
35:19:41,618
35:20:04,591
35:21:35,504
35:26:05,510
35:26:06,613
35:28:28,610
35:33:29,577
35:33:29,564
35:34:49,623
35:36:52,595
35:37:07,607
35:37:25,595
35:37:46,557
35:38:10,681
35:38:29,662
35:39:00,680
35:39:05,717
35:39:11,663
35:40:30,603
35:42:38,662
35:43:13,619
35:43:37,583
35:48:19,675
35:49:04,568
35:52:23,603
35:53:30,624
35:53:56,674
35:54:34,606
35:54:44,623
35:55:27,541
35:58:27,575
35:59:06,586
35:59:23,563
36:00:04,614
36:02:05,579
36:02:26,572
36:07:03,629
36:08:15,643
36:11:23,513
36:13:08,491
36:13:41,510
36:14:01,644
36:14:56,563
36:15:22,624
36:16:32,552
36:16:52,626
36:17:46,707
36:20:46,675
36:21:13,562
36:21:35,612
36:23:00,581
36:23:08,512
36:23:22,599
36:27:01,619
36:27:01,546
36:28:13,651
36:28:56,488
36:29:17,572
36:29:44,591
36:30:13,669
36:30:26,560
36:31:26,558
36:32:43,585
36:32:51,592
36:32:56,593
36:33:42,590
36:33:43,591
36:33:44,555
36:34:15,593
36:35:38,606
36:36:20,549
36:36:36,540
36:37:20,514
36:38:03,536
36:38:06,546
36:39:45,525
36:40:07,603
36:40:10,638
36:40:39,630
36:40:56,634
36:41:02,547
36:41:53,715
36:44:50,492
36:46:13,540
36:46:34,614
36:46:41,538
36:46:56,566
36:51:01,592
36:51:14,561
36:51:15,547
36:51:40,687
36:54:56,584
36:57:09,493
36:57:35,575
36:59:46,593
37:00:10,481
37:01:03,571
37:01:09,568
37:01:17,541
37:01:34,653
37:01:37,584
37:01:57,507
37:02:00,613
37:02:03,580
37:03:16,578
37:04:29,549
37:06:26,562
37:08:25,582
37:12:11,499
37:12:47,528
37:13:00,620
37:15:26,634
37:16:19,537
37:17:18,572
37:18:01,608
37:18:23,610
37:19:50,675
37:23:19,549
37:23:51,572
37:24:01,610
37:24:28,533
37:26:59,530
37:27:49,584
37:30:20,557
37:30:30,607
37:32:33,623
37:32:54,635
37:33:02,583
37:34:41,532
37:34:53,501
37:34:55,590
37:35:02,526
37:35:14,533
37:39:21,528
37:39:24,524
37:39:57,619
37:40:32,601
37:41:26,635
37:41:59,548
37:43:55,618
37:45:38,639
37:46:28,586
37:49:28,535
37:50:52,623
37:52:02,595
37:52:15,555
37:52:15,563
37:53:27,565
37:53:39,641
37:54:06,582
37:54:37,611
37:54:45,593
37:55:47,516
37:56:13,614
37:56:22,531
37:57:21,643
37:57:41,555
37:58:00,529
37:58:03,509
37:58:12,548
38:01:04,592
38:03:29,530
38:04:07,527
38:04:50,674
38:05:01,568
38:05:51,525
38:08:49,563
38:10:12,530
38:10:16,553
38:10:36,609
38:11:16,768
38:11:28,609
38:12:22,552
38:13:10,566
38:13:20,544
38:13:52,551
38:14:08,683
38:16:21,555
38:16:22,584
38:16:33,578
38:16:40,788
38:18:29,628
38:21:43,611
38:22:05,464
38:23:29,569
38:23:36,633
38:24:36,489
38:25:00,537
38:25:07,555
38:25:21,589
38:26:58,605
38:27:10,577
38:27:58,562
38:28:02,491
38:28:19,558
38:29:37,613
38:30:07,597
38:30:09,556
38:30:13,516
38:30:14,517
38:30:46,557
38:31:23,508
38:31:39,480
38:32:24,537
38:32:58,522
38:33:35,618
38:34:10,539
38:34:34,500
38:35:17,556
38:35:38,557
38:35:51,573
38:37:02,603
38:37:10,476
38:38:24,602
38:41:28,572
38:41:44,673
38:41:48,523
38:41:50,517
38:42:31,585
38:42:53,599
38:43:27,577
38:43:33,626
38:44:16,702
38:44:37,547
38:44:45,661
38:44:56,483
38:45:28,616
38:45:40,555
38:45:53,514
38:46:02,511
38:46:03,528
38:46:04,629
38:46:05,496
38:46:25,508
38:46:33,522
38:46:41,564
38:47:56,512
38:48:37,576
38:48:55,565
38:52:12,610
38:52:18,598
38:52:23,566
38:52:25,590
38:52:42,584
38:53:00,502
38:53:24,530
38:54:46,650
38:54:59,531
38:55:24,543
38:56:10,561
38:56:20,579
38:56:32,580
38:56:36,571
38:57:45,550
38:58:50,604
39:00:22,587
39:00:56,510
39:01:12,649
39:01:26,587
39:01:44,579
39:02:43,511
39:03:20,550
39:04:33,646
39:04:44,553
39:05:11,476
39:06:36,565
39:06:46,632
39:08:24,556
39:09:27,578
39:09:59,594
39:10:36,631
39:10:45,549
39:12:03,531
39:12:16,587
39:12:26,563
39:12:57,540
39:12:58,543
39:13:27,593
39:14:17,559
39:14:32,589
39:14:52,589
39:16:07,476
39:17:08,521
39:18:16,571
39:18:40,509
39:18:52,520
39:18:58,565
39:19:23,533
39:19:42,630
39:19:54,581
39:21:30,459
39:22:40,611
39:22:42,611
39:26:44,560
39:27:23,530
39:28:02,453
39:28:30,568
39:29:07,543
39:29:36,552
39:30:53,514
39:30:56,572
39:31:12,531
39:31:22,642
39:31:43,529
39:33:13,507
39:34:40,586
39:35:03,510
39:35:56,553
39:36:19,548
39:36:26,593
39:36:33,732
39:36:53,462
39:38:41,617
39:39:29,554
39:39:45,514
39:40:19,538
39:40:24,512
39:40:29,508
39:42:43,662
39:43:02,541
39:43:12,490
39:43:20,507
39:44:10,577
39:44:29,578
39:44:38,561
39:45:16,570
39:45:44,610
39:45:44,504
39:46:03,641
39:46:03,506
39:46:13,564
39:47:01,467
39:47:50,610
39:48:29,542
39:49:02,562
39:50:07,480
39:50:48,520
39:51:03,511
39:51:12,547
39:51:26,525
39:51:36,580
39:52:05,489
39:52:34,598
39:52:48,525
39:53:04,633
39:53:50,520
39:54:05,688
39:55:13,548
39:56:33,564
39:57:44,509
39:58:12,508
40:00:13,523
40:01:42,597
40:01:59,581
40:02:20,617
40:04:27,632
40:04:31,540
40:04:50,567
40:05:12,527
40:06:19,543
40:06:39,637
40:06:48,540
40:06:59,581
40:07:51,598
40:08:13,599
40:08:44,515
40:09:02,666
40:09:59,700
40:12:20,630
40:14:23,498
40:15:19,490
40:15:58,493
40:16:21,523
40:16:22,585
40:16:36,539
40:17:22,558
40:17:48,555
40:18:04,599
40:18:05,560
40:18:54,489
40:19:07,448
40:19:52,598
40:19:58,470
40:20:08,500
40:20:20,478
40:20:33,560
40:20:53,489
40:20:57,641
40:21:52,528
40:22:43,517
40:23:22,452
40:23:29,525
40:25:40,540
40:25:59,549
40:26:53,523
40:28:20,558
40:28:51,551
40:29:03,490
40:29:40,537
40:30:25,516
40:30:59,506
40:31:06,511
40:31:18,479
40:32:34,574
40:32:35,589
40:33:28,451
40:33:33,479
40:34:13,496
40:34:36,638
40:36:05,524
40:36:46,538
40:37:03,553
40:37:27,498
40:38:29,564
40:39:36,560
40:40:28,561
40:40:39,587
40:42:15,530
40:42:26,491
40:43:21,606
40:43:29,619
40:43:37,531
40:45:12,596
40:45:53,549
40:46:06,596
40:48:13,528
40:48:21,513
40:48:29,482
40:50:27,530
40:51:38,540
40:53:08,485
40:54:08,704
40:54:08,531
40:54:39,545
40:56:21,560
40:56:49,555
40:56:57,590
40:57:01,494
40:57:09,505
40:57:12,601
40:57:13,541
40:57:27,563
40:58:04,517
40:58:16,621
40:59:06,513
41:00:28,575
41:00:32,444
41:01:12,637
41:01:57,615
41:02:02,557
41:03:10,499
41:03:41,522
41:03:46,640
41:03:46,581
41:03:54,587
41:03:57,576
41:04:22,557
41:05:46,529
41:05:50,632
41:06:00,559
41:06:49,439
41:09:25,530
41:09:49,513
41:10:36,584
41:10:52,471
41:13:14,569
41:13:58,591
41:15:34,583
41:15:44,511
41:17:27,502
41:17:39,520
41:18:21,559
41:18:35,619
41:19:19,488
41:21:08,537
41:21:28,689
41:23:47,553
41:24:08,587
41:25:45,533
41:26:56,509
41:29:28,443
41:29:29,548
41:29:42,497
41:29:52,560
41:30:13,658
41:30:24,522
41:31:32,578
41:31:51,503
41:32:20,501
41:34:32,519
41:34:35,687
41:34:36,563
41:35:23,657
41:36:15,448
41:36:54,538
41:37:28,480
41:39:41,525
41:40:16,589
41:41:15,585
41:41:23,511
41:41:24,492
41:41:31,427
41:42:20,472
41:42:34,462
41:42:45,526
41:42:46,546
41:43:11,518
41:44:16,434
41:44:18,473
41:44:36,576
41:45:49,626
41:45:55,477
41:46:13,497
41:46:13,426
41:47:32,606
41:47:58,515
41:48:24,468
41:48:54,488
41:49:00,461
41:49:10,493
41:49:14,531
41:49:22,479
41:49:25,517
41:50:05,552
41:50:43,587
41:51:40,488
41:52:37,469
41:53:15,510
41:57:26,455
41:57:31,561
41:57:57,552
41:57:58,519
41:58:01,483
41:58:10,572
41:58:48,507
41:59:05,542
41:59:22,516
41:59:28,497
41:59:34,533
42:00:15,559
42:00:15,479
42:00:23,566
42:00:51,547
42:01:05,512
42:02:10,513
42:02:54,538
42:04:40,451
42:05:00,456
42:05:05,449
42:06:00,519
42:06:25,519
42:06:31,579
42:06:31,569
42:06:34,496
42:06:59,577
42:07:36,427
42:08:28,502
42:09:26,537
42:09:46,533
42:09:55,494
42:10:01,567
42:10:01,548
42:10:09,553
42:10:34,513
42:10:44,514
42:11:02,513
42:11:05,462
42:12:04,488
42:12:12,522
42:13:42,543
42:13:43,504
42:14:02,579
42:14:44,554
42:14:49,526
42:14:58,588
42:16:22,431
42:17:03,514
42:17:40,421
42:17:53,542
42:18:27,534
42:18:35,540
42:19:01,582
42:19:11,528
42:19:31,546
42:20:21,624
42:20:23,435
42:20:25,677
42:20:31,556
42:20:39,558
42:20:52,499
42:21:04,598
42:21:24,545
42:21:35,560
42:22:16,499
42:22:28,584
42:22:31,519
42:22:34,451
42:22:50,513
42:23:08,610
42:23:10,676
42:23:33,634
42:24:20,545
42:24:25,512
42:24:28,457
42:24:30,517
42:26:15,509
42:27:24,419
42:27:36,473
42:28:27,534
42:28:34,518
42:28:55,546
42:29:01,470
42:29:38,476
42:30:12,541
42:31:48,481
42:32:07,470
42:33:58,458
42:33:59,719
42:34:10,616
42:34:26,464
42:34:39,567
42:34:53,517
42:35:04,651
42:35:21,505
42:36:02,478
42:36:05,546
42:36:34,519
42:36:49,508
42:36:56,554
42:36:57,441
42:36:58,494
42:37:52,506
42:38:17,537
42:38:22,516
42:39:22,485
42:40:19,531
42:41:39,503
42:42:08,472
42:42:56,596
42:44:11,546
42:44:36,453
42:44:59,508
42:45:01,577
42:45:58,439
42:46:10,479
42:46:17,502
42:46:25,603
42:46:46,493
42:47:41,530
42:48:04,497
42:48:09,530
42:49:45,545
42:49:56,500
42:50:04,611
42:50:06,552
42:50:08,606
42:50:28,465
42:50:59,533
42:51:11,543
42:51:12,635
42:51:33,577
42:51:37,456
42:52:01,524
42:52:42,532
42:54:03,545
42:54:36,539
42:55:31,464
42:55:40,508
42:57:55,438
42:58:28,539
43:00:56,561
43:01:49,454
43:01:55,522
43:01:58,601
43:02:03,579
43:02:47,433
43:03:07,564
43:04:01,591
43:06:05,505
43:07:08,503
43:08:10,573
43:08:42,552
43:09:24,451
43:10:14,570
43:10:15,525
43:10:20,506
43:10:39,546
43:10:41,605
43:10:49,517
43:11:25,493
43:11:46,546
43:12:25,538
43:13:15,443
43:13:27,588
43:13:57,485
43:14:12,518
43:15:54,462
43:16:13,597
43:18:38,516
43:18:59,434
43:19:07,529
43:21:02,486
43:21:18,453
43:22:21,567
43:23:10,460
43:24:06,477
43:24:18,444
43:26:08,502
43:26:37,523
43:29:06,456
43:30:20,492
43:30:22,493
43:32:36,542
43:33:55,578
43:34:27,549
43:36:21,531
43:36:59,511
43:37:41,555
43:38:39,503
43:38:40,483
43:39:15,438
43:39:19,502
43:40:17,551
43:40:24,449
43:41:07,564
43:41:11,514
43:42:02,471
43:42:26,437
43:42:33,549
43:42:38,429
43:43:15,502
43:44:32,533
43:45:12,601
43:45:26,461
43:45:52,508
43:45:53,560
43:45:59,432
43:46:01,445
43:46:11,484
43:46:57,517
43:47:12,478
43:47:55,406
43:48:08,522
43:48:24,536
43:48:32,558
43:49:02,620
43:50:02,483
43:50:31,433
43:50:35,561
43:51:45,514
43:52:18,463
43:52:31,482
43:52:55,508
43:55:13,480
43:56:58,499
43:57:21,561
43:58:17,501
43:58:24,498
43:58:27,520
43:59:02,404
43:59:33,549
43:59:36,547
44:00:22,545
44:01:44,566
44:02:00,487
44:02:24,554
44:02:58,474
44:04:49,481
44:05:05,510
44:05:24,569
44:05:31,565
44:05:56,457
44:06:04,403
44:08:25,479
44:09:13,460
44:10:15,442
44:11:00,403
44:11:05,487
44:11:25,568
44:11:46,476
44:12:32,532
44:12:41,548
44:12:51,524
44:13:32,477
44:13:56,554
44:15:15,451
44:17:23,478
44:17:52,459
44:17:58,485
44:18:01,482
44:18:14,457
44:18:32,481
44:18:42,477
44:18:46,510
44:20:18,572
44:20:28,541
44:21:09,473
44:21:29,533
44:23:33,477
44:23:40,452
44:23:43,478
44:23:51,528
44:24:06,631
44:24:32,450
44:24:36,545
44:25:02,462
44:25:23,510
44:25:36,440
44:26:04,458
44:26:40,519
44:29:23,562
44:29:43,505
44:30:18,485
44:30:55,545
44:31:05,523
44:31:36,508
44:31:38,481
44:31:53,578
44:33:15,492
44:33:24,586
44:33:54,490
44:34:49,505
44:34:55,552
44:35:03,501
44:35:34,518
44:35:37,506
44:35:43,536
44:35:48,501
44:35:54,456
44:35:55,435
44:35:57,483
44:35:58,456
44:36:05,474
44:36:06,460
44:36:09,545
44:36:19,534
44:36:50,494
44:36:55,480
44:37:14,509
44:37:34,504
44:37:36,561
44:37:42,457
44:38:14,472
44:38:32,454
44:38:43,582
44:39:09,492
44:39:23,526
44:40:06,490
44:40:39,464
44:42:57,487
44:43:40,466
44:43:46,539
44:44:10,506
44:44:30,466
44:46:08,595
44:46:10,652
44:47:19,436
44:48:05,480
44:48:14,542
44:48:17,454
44:48:41,542
44:49:13,552
44:49:20,461
44:49:22,591
44:49:38,440
44:49:43,527
44:50:00,479
44:50:29,558
44:50:35,450
44:52:02,458
44:52:26,515
44:52:31,521
44:53:11,412
44:53:36,541
44:54:00,425
44:54:35,538
44:54:40,529
44:54:58,467
44:55:09,482
44:55:39,482
44:56:52,587
44:56:55,513
44:57:35,507
44:57:45,491
44:57:47,622
44:57:57,521
44:57:57,407
44:58:13,507
44:58:19,498
44:58:24,550
44:58:45,466
44:59:25,483
44:59:32,484
44:59:45,473
45:00:57,418
45:01:40,626
45:01:53,421
45:02:36,537
45:02:45,515
45:03:34,460
45:04:40,476
45:04:50,459
45:05:37,510
45:06:26,513
45:06:57,487
45:07:20,475
45:08:15,462
45:08:19,492
45:08:20,526
45:08:24,496
45:08:30,449
45:08:33,447
45:08:38,490
45:08:41,402
45:08:57,471
45:09:02,487
45:09:05,460
45:10:07,482
45:10:26,480
45:10:27,521
45:10:29,442
45:10:30,518
45:11:49,539
45:12:06,476
45:12:34,581
45:12:38,472
45:13:12,432
45:13:15,527
45:13:54,562
45:13:57,517
45:14:07,565
45:14:37,507
45:15:00,401
45:15:01,444
45:15:04,553
45:15:15,491
45:15:58,452
45:16:19,426
45:16:20,521
45:16:45,546
45:17:06,491
45:17:09,496
45:17:32,506
45:18:18,528
45:18:24,536
45:18:36,522
45:19:16,454
45:19:42,523
45:19:42,532
45:19:53,602
45:19:54,490
45:20:09,474
45:20:21,473
45:20:40,420
45:20:43,465
45:21:25,454
45:21:29,437
45:21:33,508
45:21:34,500
45:21:39,465
45:21:54,580
45:21:58,478
45:22:06,437
45:23:32,542
45:23:46,456
45:23:48,572
45:23:48,527
45:24:13,500
45:24:32,416
45:24:37,440
45:25:05,500
45:25:19,450
45:26:13,592
45:26:54,471
45:27:11,459
45:28:07,577
45:28:22,473
45:28:24,506
45:28:41,471
45:30:10,525
45:30:45,501
45:31:12,520
45:32:31,503
45:33:05,481
45:33:41,510
45:34:06,523
45:34:37,438
45:34:39,531
45:34:41,515
45:34:59,496
45:35:00,471
45:35:24,520
45:35:30,478
45:35:31,489
45:35:35,416
45:35:46,510
45:35:56,470
45:36:08,430
45:36:23,664
45:36:55,540
45:37:35,501
45:37:42,629
45:38:41,442
45:40:13,464
45:40:25,423
45:40:31,525
45:40:38,450
45:41:10,391
45:41:24,483
45:41:26,507
45:43:03,501
45:43:08,478
45:43:50,542
45:44:49,488
45:44:51,492
45:44:53,501
45:45:09,559
45:45:11,480
45:45:42,429
45:45:58,572
45:46:01,478
45:46:27,559
45:46:29,409
45:46:37,473
45:46:51,409
45:46:56,493
45:47:03,528
45:47:08,468
45:47:08,458
45:47:10,530
45:47:21,583
45:47:33,531
45:47:40,454
45:48:02,451
45:48:30,395
45:49:55,409
45:49:57,449
45:50:29,445
45:51:19,503
45:51:29,438
45:51:33,530
45:51:36,508
45:52:12,509
45:52:27,439
45:52:35,471
45:52:50,415
45:53:28,451
45:53:30,403
45:53:31,424
45:53:32,473
45:53:32,424
45:53:34,483
45:53:41,405
45:53:52,448
45:55:07,548
45:55:13,421
45:56:26,558
45:56:39,504
45:57:44,534
45:57:46,434
45:58:08,401
45:58:22,481
45:58:46,442
45:59:08,440
45:59:47,489
46:00:12,559
46:00:21,577
46:00:28,421
46:00:29,429
46:00:32,514
46:00:39,416
46:00:43,459
46:00:57,554
46:01:04,454
46:02:01,416
46:02:09,441
46:02:22,437
46:02:36,547
46:02:48,487
46:03:18,418
46:03:35,533
46:03:36,457
46:03:52,502
46:04:13,476
46:04:25,484
46:04:33,477
46:04:39,480
46:04:47,417
46:04:49,599
46:04:52,481
46:04:54,521
46:05:04,523
46:05:29,453
46:05:47,553
46:06:08,476
46:06:13,482
46:06:24,386
46:06:42,430
46:07:08,456
46:07:45,454
46:07:46,487
46:07:46,511
46:07:58,451
46:07:59,501
46:08:46,455
46:09:00,454
46:09:19,478
46:09:43,490
46:10:27,451
46:10:31,481
46:10:35,457
46:10:47,492
46:11:53,538
46:12:45,441
46:12:47,419
46:13:25,428
46:13:29,510
46:14:07,500
46:14:25,511
46:14:52,538
46:14:52,514
46:15:07,427
46:15:11,501
46:15:52,463
46:16:03,514
46:16:54,546
46:17:23,530
46:17:52,547
46:17:57,469
46:18:07,440
46:18:24,467
46:18:31,458
46:18:47,384
46:19:03,485
46:19:06,441
46:19:12,440
46:19:35,595
46:19:43,459
46:19:51,435
46:19:54,439
46:20:01,464
46:20:40,426
46:21:08,431
46:21:09,451
46:21:17,405
46:21:18,487
46:21:48,438
46:21:55,531
46:22:03,539
46:22:07,538
46:22:36,426
46:23:09,517
46:23:11,384
46:23:14,503
46:23:35,453
46:23:43,421
46:24:49,500
46:24:52,492
46:25:22,416
46:25:30,495
46:25:43,473
46:25:59,444
46:26:12,407
46:26:55,508
46:26:58,493
46:27:13,422
46:27:56,484
46:27:56,487
46:27:57,461
46:28:06,404
46:28:10,555
46:28:26,457
46:28:35,443
46:28:58,434
46:29:51,518
46:30:00,435
46:30:13,401
46:30:21,442
46:30:22,477
46:30:23,488
46:30:49,427
46:30:51,481
46:31:25,478
46:31:55,478
46:31:55,468
46:32:00,495
46:32:00,383
46:32:01,413
46:32:41,539
46:32:54,408
46:33:14,470
46:33:14,452
46:33:16,502
46:33:17,541
46:33:21,516
46:33:21,486
46:33:30,434
46:33:44,443
46:33:57,382
46:34:07,438
46:34:12,433
46:34:21,444
46:34:22,473
46:34:51,462
46:35:18,465
46:35:34,454
46:35:46,413
46:35:54,433
46:36:41,443
46:37:00,492
46:37:37,551
46:37:45,531
46:37:47,513
46:37:48,425
46:37:49,383
46:37:58,601
46:38:16,395
46:38:19,381
46:38:37,447
46:38:37,408
46:38:43,382
46:39:15,426
46:39:27,498
46:39:27,457
46:39:33,442
46:39:34,436
46:39:46,428
46:40:02,396
46:40:23,447
46:43:18,552
46:43:25,389
46:43:31,439
46:43:31,415
46:43:34,506
46:43:40,468
46:43:51,549
46:43:57,432
46:44:03,404
46:50:40,411
46:53:46,404
46:54:19,455
46:55:05,462
46:56:00,477
46:57:24,420
47:05:00,452
